{"cameraMode":{"drawMode":0,"name":"Shaded","section":"Shading Mode"},"sceneLighting":true,"audioPlay":false,"sceneViewState":{"m_AlwaysRefresh":false,"showFog":true,"showSkybox":true,"showFlares":true,"showImageEffects":true,"showParticleSystems":true,"showVisualEffectGraphs":true,"m_FxEnabled":true},"in2DMode":false,"pivot":{"x":-1.3478724956512452,"y":1.6875042915344239,"z":29.558673858642579},"rotation":{"x":0.24334478378295899,"y":-0.6693758368492127,"z":0.24806420505046845,"w":0.6566440463066101},"size":38.29832458496094,"orthographic":true}